id,street_address,email_ip
1,0 Calypso Avenue 461-90-8546,nbalcock0@webs.com 69.42.221.59
2,5052 Grayhawk Plaza 300-07-0848,nradden1@hp.com 135.160.63.133
3,0 Birchwood Way 161-88-7373,vmccartan2@angelfire.com 97.143.101.247
4,1 Onsgard Park 737-19-0232,cgavaghan3@mozilla.com 98.223.175.181
5,2 Cherokee Alley 258-77-1083,abratley4@shareasale.com 13.136.156.191
6,493 Rockefeller Drive 351-66-7388,ttitterell5@imgur.com 211.126.187.157
7,68 Schmedeman Street 317-51-2739,ssigne6@rambler.ru 199.210.171.63
8,4899 Crowley Road 216-19-2752,lmahy7@dagondesign.com 69.52.36.217
9,54 Morning Pass 838-85-1284,kstickells8@timesonline.co.uk 79.52.245.30
10,40777 Hollow Ridge Drive 817-03-9508,dwadelin9@hp.com 17.5.194.38
11,5 Little Fleur Circle 869-17-9352,tgodwyna@usa.gov 48.177.222.255
12,8498 Knutson Point 172-35-6718,choffb@oaic.gov.au 207.8.31.212
13,91992 Cottonwood Park 640-66-9339,wdoreyc@columbia.edu 234.161.45.107
14,551 Straubel Place 233-25-0744,dvasyukhind@istockphoto.com 31.115.219.161
15,64 Loomis Court 540-42-6849,vsoutherane@youtube.com 75.212.174.161
16,6365 Morningstar Road 643-50-3026,jclemensonf@state.gov 50.228.80.51
17,783 Arrowood Junction 178-03-8351,rdawkinsg@nsw.gov.au 19.26.179.157
18,2 Corben Center 507-01-2326,mmccromleyh@infoseek.co.jp 221.148.60.113
19,40 Kings Pass 300-16-5173,epetchei@yandex.ru 126.0.254.61
20,336 Merrick Pass 518-58-4851,lisacoffj@nyu.edu 110.75.226.71
21,0 8th Plaza 176-36-5224,bdurdlek@tripod.com 229.69.216.151
22,68 Elmside Trail 592-74-1625,klaugal@chicagotribune.com 168.27.235.45
23,85 Bunker Hill Plaza 745-10-5604,amcglashanm@hubpages.com 130.158.127.60
24,39274 Kingsford Junction 583-96-8975,afrancecionen@vk.com 174.10.199.186
25,80 Clemons Hill 189-83-0113,ckienzleo@4shared.com 179.153.142.214
26,10 Atwood Center 587-10-5088,kgregorettip@sbwire.com 243.188.68.89
27,6028 Pierstorff Trail 832-45-1022,cyurukhinq@devhub.com 41.69.6.23
28,726 Homewood Junction 756-09-1341,oeastmanr@mysql.com 216.142.162.106
29,59 Northridge Parkway 597-70-6254,aoakeys@usda.gov 124.25.37.168
30,35545 Nova Plaza 854-82-1323,jgallont@mail.ru 210.69.76.211
31,8 Granby Plaza 504-92-3924,rstrutheru@shop-pro.jp 109.160.209.94
32,078 Emmet Road 152-30-9485,dbaudev@wordpress.org 69.252.186.181
33,10106 Bluestem Plaza 436-30-9707,vconnarw@auda.org.au 103.188.117.172
34,5765 Helena Park 164-79-1843,abloggx@bbb.org 154.192.222.222
35,0 Green Ridge Way 248-60-7465,sraithy@i2i.jp 23.116.182.233
36,4 Rutledge Point 317-69-6568,smacritchiez@sina.com.cn 248.114.27.146
37,7503 Maple Wood Court 583-16-4344,asabbatier10@elpais.com 143.245.32.9
38,4311 Rigney Avenue 695-85-6018,ejansik11@opensource.org 235.84.177.240
39,3 Golf Course Alley 410-62-8290,mashcroft12@jalbum.net 146.205.39.22
40,32 Sauthoff Avenue 626-14-2147,mmckeating13@amazonaws.com 68.208.54.155
41,02 Blaine Hill 172-39-1708,wmclane14@paginegialle.it 237.64.103.194
42,68 School Road 306-43-9425,hgullis15@hibu.com 76.30.76.140
43,44715 Trailsway Avenue 720-58-4366,zhause16@printfriendly.com 34.51.58.166
44,540 Kings Parkway 841-14-7015,mgamlyn17@discovery.com 53.170.132.69
45,6081 Shasta Terrace 303-98-4752,jlangwade18@marketwatch.com 12.212.41.79
46,92923 Dennis Plaza 414-07-7974,vprimak19@thetimes.co.uk 107.102.243.190
47,727 Hallows Crossing 769-18-6121,bwreakes1a@moonfruit.com 131.213.213.158
48,201 Arizona Parkway 687-84-1531,mmandell1b@ycombinator.com 34.150.138.124
49,4 Moland Hill 750-03-6871,djunkin1c@webeden.co.uk 62.20.153.23
50,6433 Pankratz Place 884-13-8280,esausman1d@europa.eu 242.113.208.163
51,737 Fremont Trail 530-22-2361,atafani1e@trellian.com 68.250.15.161
52,15104 Spohn Park 388-27-8934,ncharlton1f@msu.edu 160.152.25.143
53,040 Calypso Road 466-32-4396,nbehn1g@princeton.edu 48.47.195.93
54,258 Reinke Avenue 772-76-8869,dhandman1h@cnn.com 56.65.135.93
55,527 Mosinee Alley 361-20-7918,alevick1i@upenn.edu 66.77.118.236
56,46995 Coolidge Pass 651-61-4039,llassell1j@sohu.com 167.82.44.66
57,33214 Mccormick Point 825-18-8834,bmartonfi1k@yellowbook.com 152.76.137.35
58,855 Sachtjen Hill 496-98-3807,fdougill1l@pen.io 46.133.132.230
59,91750 Jana Avenue 586-10-1101,mivanusyev1m@disqus.com 173.138.11.27
60,29 Browning Lane 355-01-5802,bschwand1n@mysql.com 143.132.103.107
61,54965 Mallory Lane 563-42-2614,xcrowley1o@mozilla.org 149.152.195.92
62,068 Del Mar Way 609-98-6339,agorini1p@theguardian.com 57.188.167.116
63,167 Arapahoe Drive 269-01-7797,bcoupe1q@cloudflare.com 179.110.217.132
64,97692 Eastlawn Street 642-45-6333,fhiley1r@discuz.net 50.190.199.63
65,4 Melby Drive 540-05-7222,ttaylor1s@europa.eu 15.188.145.177
66,168 Linden Lane 499-77-8388,smcterrelly1t@nature.com 40.211.189.67
67,7785 Merry Junction 133-79-6860,fogriffin1u@google.co.jp 122.77.15.24
68,86724 Butterfield Court 370-78-0435,gmacnab1v@wikia.com 45.114.151.128
69,8 Springview Center 580-45-4817,mscotchmoor1w@nbcnews.com 218.245.109.52
70,1239 School Avenue 602-29-6922,voflaverty1x@mysql.com 255.71.141.91
71,6272 Troy Road 289-14-9048,helvey1y@aol.com 212.77.51.135
72,708 Debra Crossing 686-03-2720,bdukelow1z@mayoclinic.com 210.157.218.187
73,79 Graedel Terrace 374-46-4050,abanasevich20@sciencedaily.com 96.192.150.165
74,9 Nelson Terrace 811-73-6408,gquiney21@pinterest.com 115.6.213.218
75,6 Artisan Center 201-79-8033,rconre22@mtv.com 160.124.3.77
76,26131 Carpenter Park 250-78-5696,lworstall23@booking.com 152.111.22.59
77,8 Loeprich Street 280-59-8144,pprugel24@springer.com 210.121.119.241
78,31299 Hooker Plaza 827-79-7034,screpel25@umn.edu 68.90.120.32
79,74563 Melody Pass 393-64-3433,rsurgeon26@cargocollective.com 150.99.140.67
80,18627 Gina Alley 388-31-1752,tsummerlie27@sciencedirect.com 9.138.172.46
81,508 Stone Corner Alley 201-66-4184,vmarguerite28@auda.org.au 55.247.251.255
82,41 Beilfuss Alley 338-77-1254,emallabon29@amazonaws.com 115.84.93.15
83,09666 Milwaukee Way 168-45-6599,cyitzhak2a@kickstarter.com 217.159.109.204
84,99 Sunnyside Lane 674-27-8340,agentric2b@hostgator.com 169.93.118.53
85,96 Swallow Way 787-13-8644,cdrewes2c@huffingtonpost.com 232.16.184.161
86,9654 Buell Hill 791-61-6882,cdorrins2d@cnn.com 94.2.33.37
87,36 Pearson Avenue 694-12-1609,atadd2e@dyndns.org 172.41.80.12
88,29 Holy Cross Terrace 375-73-1515,rhurl2f@cisco.com 58.134.80.48
89,869 Sherman Parkway 800-72-1324,mmatteuzzi2g@ask.com 139.93.118.78
90,38734 Ridge Oak Drive 440-23-4410,clippiett2h@cdbaby.com 141.254.172.251
91,5684 Sullivan Terrace 301-54-4404,hbroe2i@over-blog.com 160.140.225.184
92,3504 Larry Point 108-16-6975,tlatan2j@home.pl 32.27.116.205
93,01 Veith Drive 203-22-7095,jaitchinson2k@techcrunch.com 120.180.165.83
94,658 Forest Run Lane 190-37-5648,afife2l@bloglines.com 195.251.40.124
95,38 Meadow Valley Alley 891-96-1800,igilhooly2m@craigslist.org 70.199.102.208
96,8 Monterey Plaza 470-45-7110,ckernan2n@intel.com 175.123.143.165
97,88371 Moulton Drive 547-23-6885,igrouse2o@unesco.org 77.187.190.125
98,8 Dorton Parkway 548-98-4135,kfeaver2p@cbslocal.com 169.177.205.93
99,2 Lighthouse Bay Center 767-91-6351,edolby2q@senate.gov 253.205.229.90
100,2 Killdeer Plaza 799-50-6487,noakeshott2r@geocities.jp 236.204.234.33
101,2 Kedzie Place 176-06-9032,fcarless2s@wufoo.com 48.249.233.222
102,345 Parkside Crossing 391-89-3849,acatanheira2t@webeden.co.uk 207.96.185.91
103,37 Roxbury Circle 126-55-7628,sdanjoie2u@walmart.com 20.28.109.79
104,1 High Crossing Way 265-62-2692,wroads2v@ezinearticles.com 64.135.68.202
105,3 Oakridge Point 781-07-5167,ddickey2w@icio.us 45.178.62.14
106,361 Packers Way 664-01-3752,rdillestone2x@cisco.com 195.103.97.67
107,1 Mcguire Way 375-60-5597,gmccluskey2y@springer.com 2.235.126.36
108,05 Granby Street 826-89-9871,baim2z@china.com.cn 104.221.245.244
109,60 Sutteridge Crossing 339-74-0587,ksalliere30@constantcontact.com 217.224.61.119
110,14 Harper Circle 574-97-9651,gthomassen31@com.com 120.89.36.28
111,073 Shelley Park 717-53-3122,dderuel32@purevolume.com 7.25.160.58
112,60 Valley Edge Way 833-49-2475,dgarces33@blog.com 14.154.34.105
113,4 Forest Dale Place 156-91-5477,tmacterrelly34@deviantart.com 140.34.11.3
114,18 Pawling Street 557-92-2133,ccote35@about.com 10.80.254.251
115,91 Union Circle 609-32-8371,ttyreman36@multiply.com 180.130.246.171
116,806 Golf View Pass 833-74-3927,mmaggs37@unesco.org 135.43.170.58
117,1897 Monument Hill 763-35-3150,cstaddom38@amazon.co.uk 144.252.238.43
118,607 Carpenter Drive 864-86-9607,rdytham39@yelp.com 160.54.169.131
119,52 Sundown Junction 730-84-2829,znice3a@vistaprint.com 12.140.115.125
120,6 Continental Plaza 651-64-6847,wleefe3b@cmu.edu 63.28.114.220
121,6 Gale Parkway 858-76-9072,gpolley3c@tripadvisor.com 132.199.213.67
122,43 Birchwood Alley 353-88-6228,pmulrean3d@loc.gov 234.170.143.198
123,06242 Thompson Terrace 232-37-7229,gtawse3e@printfriendly.com 133.6.16.26
124,4 Sachs Plaza 350-69-5460,smatiewe3f@rakuten.co.jp 204.222.116.216
125,85635 Mayer Hill 766-99-6282,lhughf3g@1688.com 210.191.66.38
126,6787 Esker Terrace 337-11-1563,iceccoli3h@wordpress.org 130.164.51.87
127,772 Kings Park 632-41-6352,bvamplus3i@hhs.gov 64.35.24.192
128,1461 Badeau Alley 777-55-8589,moduilleain3j@techcrunch.com 74.33.197.135
129,93 Randy Avenue 765-09-2567,hsimmon3k@altervista.org 81.33.174.173
130,3751 Superior Alley 859-88-4559,yscirman3l@examiner.com 88.195.224.59
131,30 Bunting Center 792-73-2518,dkerley3m@msn.com 78.208.17.205
132,1518 Dakota Avenue 534-68-0598,leyers3n@trellian.com 233.237.88.41
133,3104 Havey Court 625-21-7908,sabrami3o@sphinn.com 220.106.79.121
134,702 Sullivan Park 189-83-1035,cjoly3p@csmonitor.com 178.34.200.103
135,1499 Corscot Center 547-84-5501,gradnage3q@meetup.com 233.78.70.62
136,27 Dakota Crossing 696-68-7068,hcrosseland3r@issuu.com 8.91.112.35
137,89037 Northwestern Lane 509-19-9322,tgeri3s@rambler.ru 38.146.2.85
138,009 Briar Crest Hill 587-57-3888,rbertelet3t@a8.net 25.218.234.122
139,8764 Warner Road 402-05-8562,jduckels3u@digg.com 139.172.147.68
140,95 Harbort Alley 810-23-8805,khaestier3v@aol.com 127.174.206.102
141,27718 Comanche Trail 767-56-5116,hrodgerson3w@tmall.com 40.103.229.129
142,3077 Merrick Court 646-46-3605,sfendlen3x@smugmug.com 18.82.187.125
143,8100 Vermont Park 425-73-5032,chearnaman3y@google.cn 112.193.40.131
144,8256 Schiller Junction 674-62-1334,jkindall3z@hao123.com 57.233.214.61
145,3979 8th Hill 631-13-5324,jprys40@bravesites.com 176.202.246.90
146,23 Stang Center 343-64-3732,kmccathy41@skype.com 146.8.205.170
147,6 Lakewood Gardens Pass 758-43-9913,wpervoe42@bravesites.com 50.61.113.1
148,287 American Ash Hill 880-06-1904,waskem43@odnoklassniki.ru 220.190.168.131
149,15 East Alley 208-73-4490,pjovasevic44@engadget.com 184.154.158.6
150,37 Nevada Terrace 743-07-1813,ttredget45@salon.com 36.248.92.176
151,3933 Arkansas Park 188-41-2726,jfarlamb46@yolasite.com 170.76.253.194
152,6205 Hudson Plaza 288-02-9800,cmattiacci47@wikia.com 3.91.187.245
153,28603 Ilene Circle 101-08-2807,ndonaghie48@1und1.de 205.245.21.125
154,1 Schmedeman Street 896-69-9151,adeeley49@networkadvertising.org 171.150.29.156
155,6 Monterey Hill 111-23-2425,cpantone4a@nature.com 79.48.47.246
156,01 Clarendon Junction 457-86-4342,alapslie4b@un.org 46.236.109.236
157,6545 Rockefeller Court 712-68-1623,rleece4c@webeden.co.uk 207.157.8.189
158,089 Atwood Crossing 803-03-7202,mmacaree4d@bizjournals.com 153.63.131.147
159,27 Farwell Avenue 471-39-6951,jshuttleworth4e@indiegogo.com 156.19.59.9
160,96499 Warbler Circle 426-45-8667,cmetterick4f@whitehouse.gov 40.239.210.48
161,75247 Mayfield Parkway 394-53-1000,agregol4g@shinystat.com 183.169.254.68
162,7719 Brickson Park Circle 436-15-0031,ppennazzi4h@wired.com 8.205.148.111
163,03 Susan Court 737-34-2025,acleaves4i@nytimes.com 199.112.72.16
164,865 Luster Street 134-68-3851,pwildish4j@amazon.de 223.41.183.118
165,20460 Washington Circle 818-63-6380,ttumasian4k@wikipedia.org 115.20.78.38
166,51481 Arrowood Plaza 277-36-6572,ksollner4l@blogspot.com 88.75.138.203
167,6 Monument Way 175-29-2389,cjudgkins4m@abc.net.au 147.223.103.50
168,980 Rowland Crossing 859-63-0093,elorant4n@prnewswire.com 251.222.235.113
169,10 Schmedeman Park 232-45-9898,fmadle4o@wikispaces.com 211.146.16.86
170,04 Claremont Avenue 554-65-3602,mbrealey4p@hugedomains.com 90.205.254.35
171,47 Carey Drive 183-07-7461,tdevin4q@goodreads.com 95.130.151.32
172,43422 Prentice Road 384-42-9051,ptampion4r@webmd.com 119.69.216.35
173,276 Moulton Alley 451-42-5154,bmuldrew4s@rakuten.co.jp 61.140.204.41
174,90018 Goodland Avenue 897-89-0660,ealliban4t@bbb.org 157.251.88.22
175,6 Continental Road 356-94-4005,kyerlett4u@rediff.com 105.119.186.46
176,34321 Cambridge Road 521-15-0150,cwoolerton4v@usnews.com 53.100.94.222
177,70480 Bashford Parkway 382-21-1892,hchastagnier4w@squidoo.com 236.86.174.203
178,86 Schlimgen Street 548-07-4512,bidell4x@dropbox.com 254.122.255.81
179,70508 Loftsgordon Avenue 136-96-6484,kocorrigane4y@amazon.de 235.126.248.155
180,820 Huxley Road 691-95-5724,ptourle4z@sphinn.com 72.177.189.166
181,908 Mallory Road 432-52-7756,gcoldtart50@china.com.cn 13.158.226.225
182,205 Bayside Parkway 890-29-8374,mrubroe51@plala.or.jp 53.154.205.193
183,0 Continental Avenue 585-68-8920,jlong52@dailymail.co.uk 3.202.211.114
184,3984 Sherman Trail 542-52-5598,ecarstairs53@soup.io 90.252.248.85
185,4 Northwestern Terrace 420-97-5169,opfaffe54@blogspot.com 236.90.97.44
186,88527 Bowman Avenue 844-53-3734,alain55@europa.eu 110.252.58.10
187,258 Chive Pass 345-30-6150,cducker56@cmu.edu 34.1.129.210
188,82 Anthes Lane 438-63-9399,cmacnab57@nsw.gov.au 50.104.99.139
189,36803 Loomis Court 536-47-7140,bduplantier58@liveinternet.ru 68.73.160.183
190,55913 Hintze Hill 872-45-0578,tmuehler59@plala.or.jp 76.149.148.132
191,72385 West Trail 207-97-9575,bbartholomaus5a@sakura.ne.jp 179.35.234.108
192,6535 Northwestern Alley 806-55-6137,sepiscopi5b@cnn.com 70.187.26.41
193,27 Independence Avenue 307-14-0698,hbertenshaw5c@istockphoto.com 244.234.50.224
194,90 Warner Pass 553-51-0654,cpury5d@feedburner.com 70.157.199.120
195,73 Southridge Plaza 896-21-0267,crawood5e@alibaba.com 98.47.6.201
196,06876 Fairview Trail 318-95-8826,ccasham5f@moonfruit.com 161.144.44.175
197,6 2nd Road 358-15-4946,mmitskevich5g@boston.com 49.4.69.223
198,6 Summit Circle 724-43-4215,asapsforde5h@admin.ch 103.19.79.9
199,1 Trailsway Center 275-81-8778,ssilbert5i@hao123.com 134.213.81.153
200,333 Northridge Circle 415-57-4874,felliman5j@mail.ru 32.126.14.141
201,33 Lakewood Crossing 167-37-0028,mgilder5k@eventbrite.com 3.152.184.218
202,683 Grasskamp Road 227-96-2144,clonnon5l@narod.ru 72.67.170.138
203,4 Del Mar Street 724-56-7006,bpenkman5m@nih.gov 209.231.120.208
204,9030 Laurel Street 632-25-6638,malliston5n@cnet.com 21.186.191.30
205,9639 Cordelia Court 613-35-9591,jledner5o@com.com 123.119.142.70
206,80 Northfield Center 334-41-4500,gmckew5p@craigslist.org 153.120.6.153
207,51 Armistice Terrace 467-96-0349,gwallbank5q@wisc.edu 15.140.205.254
208,1 Jay Terrace 253-89-2705,jmcphillips5r@upenn.edu 246.177.176.32
209,021 Sauthoff Point 193-11-7201,nrollo5s@lulu.com 188.179.139.254
210,025 Buell Plaza 289-22-4856,mnoades5t@cloudflare.com 76.202.76.155
211,662 Clove Way 514-30-8477,pelcum5u@bbb.org 170.184.155.108
212,469 Little Fleur Terrace 848-53-3144,watcheson5v@yelp.com 251.240.47.87
213,05 Armistice Court 481-04-8314,msouthouse5w@un.org 68.58.44.61
214,535 Lake View Trail 428-03-4712,cballingal5x@irs.gov 176.212.7.245
215,7019 Montana Plaza 493-62-9751,vrolinson5y@tuttocitta.it 20.37.135.30
216,2226 Grasskamp Circle 431-83-9731,bfalls5z@nasa.gov 174.110.110.36
217,28 Mariners Cove Way 741-49-3926,scamel60@scribd.com 80.97.76.170
218,94 Judy Crossing 527-55-1838,ndomino61@cnn.com 142.31.50.42
219,04 Graceland Plaza 586-59-3564,fwofenden62@un.org 27.211.205.145
220,6909 Westerfield Avenue 134-03-5338,awormleighton63@salon.com 122.223.147.234
221,9 Eastwood Road 720-74-3347,bkerrich64@amazon.com 251.104.221.137
222,603 Rusk Street 382-90-3948,rbignal65@technorati.com 221.205.8.64
223,242 Westridge Hill 715-99-1279,mmalyon66@archive.org 31.115.237.8
224,02 Dryden Avenue 194-28-7147,bladell67@stumbleupon.com 217.29.164.43
225,6 Monument Circle 613-72-3717,asunnex68@ca.gov 1.46.191.205
226,83 Maple Road 842-62-3360,mkier69@meetup.com 174.156.228.181
227,2932 Susan Alley 288-32-9627,abloxholm6a@fema.gov 234.233.87.11
228,8 Talmadge Pass 620-72-2790,sbleas6b@redcross.org 31.74.143.214
229,4035 Reindahl Place 824-87-2835,kocklin6c@webs.com 9.186.194.248
230,11 Brentwood Avenue 482-91-6029,eciobutaru6d@biglobe.ne.jp 244.212.187.242
231,5 Dayton Plaza 121-78-7997,hleyson6e@github.com 98.39.229.81
232,8816 Starling Plaza 166-87-0615,jglas6f@nps.gov 211.6.107.28
233,617 Shopko Terrace 884-71-9430,psperling6g@fotki.com 127.26.203.74
234,73886 High Crossing Court 355-84-2053,kheffernan6h@nymag.com 13.7.152.169
235,36 Haas Hill 484-44-7135,cstaniford6i@shop-pro.jp 182.57.230.200
236,32984 Clyde Gallagher Way 507-11-3454,groscher6j@virginia.edu 172.59.154.35
237,613 Banding Alley 290-84-4462,aduckfield6k@bluehost.com 12.165.236.149
238,16940 Anniversary Alley 865-08-7847,eharkes6l@adobe.com 253.254.31.192
239,22 Hansons Trail 165-65-6178,rbaldelli6m@bigcartel.com 88.233.42.198
240,2033 Maywood Road 198-18-0525,khakonsen6n@printfriendly.com 215.122.57.6
241,64891 Armistice Park 462-73-2100,rdank6o@washingtonpost.com 157.180.237.222
242,85769 Miller Point 677-40-1126,msibylla6p@cloudflare.com 111.119.118.23
243,528 Dunning Center 501-94-3135,dmckirton6q@hatena.ne.jp 30.2.155.243
244,2 Shopko Place 883-49-3227,bdrysdell6r@xrea.com 232.36.133.145
245,559 Monterey Park 584-07-4290,jsmout6s@wordpress.com 21.202.181.168
246,6840 Londonderry Pass 868-46-8160,helwyn6t@ocn.ne.jp 243.85.235.83
247,2351 Lerdahl Plaza 814-35-3047,sponton6u@google.de 56.148.44.184
248,89518 Village Hill 238-59-7835,dgomersal6v@mac.com 10.81.21.127
249,643 Arkansas Road 673-48-1774,bcasini6w@cloudflare.com 87.207.70.235
250,6433 Gulseth Drive 341-69-0704,crainbow6x@java.com 5.117.146.233
251,950 Vahlen Park 540-33-9514,amityushkin6y@dell.com 191.33.234.27
252,1 Starling Center 690-83-0183,csimonnet6z@is.gd 139.8.221.221
253,40081 Carioca Plaza 815-08-5624,mchurching70@census.gov 10.2.152.122
254,848 Farmco Terrace 368-44-8232,clacelett71@sogou.com 30.134.159.166
255,319 Drewry Place 459-45-6622,kchevalier72@buzzfeed.com 167.217.216.202
256,28795 Mccormick Lane 758-26-4539,bzamorrano73@ted.com 117.193.122.31
257,061 Armistice Pass 416-83-5653,cfosdick74@acquirethisname.com 210.219.255.6
258,42 Graedel Center 805-34-4805,tlepruvost75@webmd.com 81.82.115.53
259,83696 Cambridge Trail 562-95-7345,mcrips76@slideshare.net 76.207.47.5
260,1556 Mcbride Center 343-26-3668,arudyard77@comcast.net 187.113.63.186
261,28221 Randy Trail 303-88-2452,mnystrom78@yellowbook.com 128.12.155.186
262,22 Starling Terrace 290-48-9963,rlemarquis79@senate.gov 98.107.180.11
263,0846 Nancy Parkway 645-15-8079,awoolmington7a@smugmug.com 181.251.68.245
264,09 Bobwhite Street 854-62-9337,sgreenier7b@time.com 55.171.46.185
265,765 Almo Center 187-67-4406,rpee7c@state.gov 239.156.52.132
266,377 Bartelt Way 641-52-2761,mfaire7d@barnesandnoble.com 248.191.207.169
267,8159 Hoard Road 776-53-5860,gbatthew7e@i2i.jp 11.109.220.13
268,1 Manley Plaza 801-84-7695,zjannex7f@123-reg.co.uk 2.218.2.244
269,8296 Center Hill 478-32-4848,mjerratsch7g@census.gov 2.206.86.220
270,786 Fair Oaks Pass 225-19-8489,psanper7h@icq.com 97.99.205.66
271,9 Stang Road 647-89-4515,edallicoat7i@bing.com 189.169.78.31
272,01006 Susan Crossing 370-63-6686,astryde7j@ow.ly 43.236.116.25
273,11325 Hovde Street 289-48-0780,abeine7k@newyorker.com 179.160.118.20
274,97 Meadow Valley Junction 141-83-6564,pgibby7l@freewebs.com 28.131.207.135
275,8899 Gulseth Trail 824-65-9976,eouterbridge7m@spotify.com 210.99.153.93
276,9 Colorado Parkway 717-54-0284,kocorrane7n@w3.org 18.230.194.63
277,7390 Pine View Point 631-71-2411,cbramich7o@goo.ne.jp 127.75.182.204
278,79177 Fuller Pass 488-92-7687,tstruther7p@google.it 214.172.14.180
279,13831 Oneill Parkway 688-25-1818,thalse7q@alibaba.com 147.118.138.184
280,878 Stoughton Road 670-77-6857,afernao7r@quantcast.com 164.143.243.202
281,818 Magdeline Lane 111-44-8492,cwegener7s@51.la 105.99.4.93
282,32463 Barnett Drive 567-32-9535,ajenken7t@goodreads.com 120.204.250.164
283,19 Waubesa Plaza 128-13-7228,moflannery7u@pbs.org 62.84.8.65
284,71904 Commercial Way 767-38-1808,mbalnaves7v@phoca.cz 79.3.242.248
285,6782 School Way 761-32-7534,ejakoubek7w@tripod.com 254.151.171.180
286,899 Becker Alley 819-61-2198,slofts7x@booking.com 26.230.172.194
287,9 Autumn Leaf Point 376-69-9157,jbraysher7y@comcast.net 79.165.13.60
288,6 Summerview Parkway 555-22-4051,dbowness7z@facebook.com 137.198.56.132
289,78473 Chive Hill 252-16-2290,yluard80@webeden.co.uk 193.41.206.37
290,0441 Sutteridge Junction 897-98-2277,pmountjoy81@walmart.com 99.254.66.60
291,25 Roth Court 426-60-7115,gbriscow82@adobe.com 86.90.238.156
292,03 Hovde Park 753-73-0389,jdimeloe83@accuweather.com 175.18.106.74
293,072 Vahlen Parkway 141-90-8003,djanos84@trellian.com 0.118.23.250
294,242 Rowland Junction 620-20-5829,hslucock85@mtv.com 244.24.24.52
295,610 Sutteridge Point 338-61-2498,hcornewell86@mysql.com 108.6.81.76
296,53 Onsgard Hill 492-83-4630,tsedgemond87@behance.net 121.93.230.3
297,73708 Upham Trail 832-69-1246,vlochead88@free.fr 211.7.67.108
298,65 Dawn Point 718-92-5919,nloseke89@sun.com 160.111.182.253
299,40 Hazelcrest Lane 369-57-3204,dstoffer8a@mediafire.com 239.48.2.5
300,7 Spaight Court 634-32-3798,sguilder8b@weibo.com 35.21.99.56
301,30908 Shasta Crossing 763-20-4651,dfaiers8c@bandcamp.com 78.47.88.4
302,0 Scofield Plaza 175-63-2320,rmousdall8d@reverbnation.com 173.138.52.189
303,02 Bartillon Hill 685-48-4755,jvogel8e@diigo.com 78.65.14.121
304,72 Glacier Hill Terrace 456-73-6779,daskam8f@1688.com 240.55.3.25
305,2 Warbler Junction 272-13-4990,tbattany8g@moonfruit.com 164.176.59.155
306,93380 Quincy Terrace 280-90-8704,kwishkar8h@about.me 148.67.211.198
307,200 Helena Point 197-39-9727,gbahl8i@cornell.edu 178.41.70.30
308,3 5th Park 606-17-1765,djefferson8j@apache.org 224.241.29.120
309,05 Meadow Ridge Court 501-60-9388,chouseman8k@t.co 24.108.54.30
310,0118 Chive Road 678-89-4881,estoggell8l@google.cn 110.211.196.129
311,4876 Algoma Crossing 894-99-7718,rwhitemarsh8m@chron.com 113.39.40.182
312,36693 Macpherson Court 434-35-8038,hcumberpatch8n@springer.com 171.25.203.200
313,0 Stone Corner Center 289-25-8998,ncleve8o@ovh.net 74.21.230.253
314,3 Utah Circle 179-80-0758,aedgley8p@bloglines.com 58.104.138.66
315,5091 Bashford Lane 522-94-8291,sbartleet8q@comsenz.com 22.238.121.239
316,838 1st Drive 810-78-1714,sgillbee8r@stanford.edu 39.245.42.157
317,8 Bluestem Avenue 216-25-8980,vgayter8s@deliciousdays.com 164.159.135.25
318,1 Gateway Trail 141-19-2375,gbartholat8t@squarespace.com 38.82.197.80
319,89 Donald Junction 482-99-7257,croblin8u@ehow.com 159.210.54.91
320,8 Mallory Pass 821-88-7801,cmardy8v@opensource.org 52.159.55.124
321,7117 Sachtjen Center 290-04-7790,fnewcome8w@fda.gov 18.165.16.188
322,6 Moulton Alley 398-56-2292,egaroghan8x@cocolog-nifty.com 147.88.177.208
323,28856 Delladonna Avenue 323-04-0775,dmaggs8y@macromedia.com 10.80.133.251
324,3 Buhler Park 304-10-0225,jformie8z@yale.edu 88.44.148.110
325,028 Sachtjen Hill 314-21-9835,frobardey90@linkedin.com 5.144.53.236
326,59710 Hermina Plaza 744-18-2226,gmccome91@mit.edu 66.122.216.20
327,2637 Sycamore Point 444-46-1516,ctomczak92@cam.ac.uk 188.164.181.83
328,4911 Merry Parkway 471-62-5526,dmccarrell93@boston.com 2.69.116.141
329,54191 Kinsman Drive 215-48-6302,ndolden94@intel.com 14.164.171.218
330,6 Hagan Park 383-88-0021,sbarde95@epa.gov 43.32.125.205
331,39 Petterle Avenue 435-64-0676,cfairpo96@bbb.org 254.189.55.7
332,2 Division Place 533-38-4122,jlinge97@hugedomains.com 40.240.187.99
333,72 Hanover Parkway 631-32-0587,pmatz98@bing.com 214.97.138.137
334,13 Milwaukee Alley 799-97-4450,dbrisland99@google.com.au 21.165.16.98
335,43 Center Park 188-29-9199,nharsnep9a@icq.com 115.23.168.172
336,5351 Dryden Center 344-24-1373,bviel9b@clickbank.net 86.128.138.160
337,42510 American Ash Pass 436-57-9014,hmedina9c@ow.ly 38.188.196.153
338,899 Washington Alley 592-97-5896,kzecchini9d@fc2.com 63.68.231.106
339,2867 Brown Parkway 745-02-9163,mwixey9e@weather.com 50.131.3.37
340,787 Lerdahl Pass 353-78-0528,ebridgen9f@shinystat.com 42.194.221.55
341,9 Shasta Lane 367-24-2678,danwyl9g@mapy.cz 206.91.161.162
342,4194 Melrose Crossing 804-12-7800,gbrise9h@weebly.com 252.119.179.221
343,0 Manitowish Court 879-06-4660,rwoodus9i@disqus.com 255.191.23.251
344,87 Waxwing Court 220-31-1772,mclack9j@mayoclinic.com 33.73.153.99
345,9836 Merchant Lane 641-82-7873,aleefe9k@csmonitor.com 242.164.141.159
346,2 Gina Pass 736-71-8990,mmolineux9l@opensource.org 168.23.114.148
347,0780 Moose Alley 143-65-6676,wmaudlin9m@dion.ne.jp 136.227.39.165
348,0 Norway Maple Pass 442-57-8078,cickovici9n@blogtalkradio.com 19.72.86.220
349,862 Thompson Hill 668-72-8663,bjarrett9o@w3.org 72.118.163.175
350,1619 Nevada Point 749-93-3799,slarkins9p@vimeo.com 91.135.69.115
351,88 Vera Lane 259-40-9446,dkitchenman9q@ed.gov 127.12.200.170
352,3264 Marcy Center 508-12-6996,gtaillant9r@miibeian.gov.cn 90.127.33.154
353,7 Stone Corner Circle 194-51-2986,cschade9s@ask.com 80.149.80.220
354,99 Blackbird Crossing 535-39-5009,cantliff9t@diigo.com 82.130.30.37
355,224 Columbus Crossing 668-19-4057,amccurt9u@aol.com 216.129.141.70
356,66 Comanche Terrace 403-40-2923,jgrenter9v@eventbrite.com 151.56.0.238
357,6911 Arrowood Circle 465-31-1650,alafond9w@marketwatch.com 226.153.161.32
358,75 Oxford Plaza 378-64-6964,fpresland9x@fema.gov 109.77.5.231
359,499 Crest Line Crossing 699-42-8029,lcurcher9y@scientificamerican.com 148.221.65.146
360,68 Di Loreto Park 560-47-7803,tnekrews9z@nydailynews.com 19.75.140.18
361,91523 Truax Avenue 139-69-8856,tnoltona0@paginegialle.it 200.69.176.235
362,93 Dixon Alley 630-24-0254,ebonfielda1@nature.com 134.200.36.171
363,15 Hansons Avenue 243-58-8724,kcullingforda2@tiny.cc 165.96.126.78
364,7147 Dunning Terrace 498-33-1903,joniansa3@fda.gov 118.65.211.216
365,0 Moland Court 824-43-1368,blelandea4@berkeley.edu 61.105.13.116
366,30 Lukken Center 707-71-3600,mrazouxa5@skyrock.com 94.114.6.249
367,49373 Meadow Valley Street 631-63-0144,rcalluma6@usnews.com 106.241.47.238
368,5 Southridge Pass 600-44-4418,mhacona7@ifeng.com 87.209.134.233
369,384 Gina Hill 154-14-8534,mgallamorea8@simplemachines.org 94.46.223.202
370,981 Cascade Crossing 263-98-1570,hluxa9@webmd.com 167.90.48.141
371,4056 Ohio Center 276-64-6943,ggrayshanaa@nifty.com 247.136.82.54
372,03 Susan Street 569-77-3351,rmoralab@engadget.com 182.149.74.66
373,1566 Ramsey Drive 415-62-1169,rfoystonac@nbcnews.com 30.1.54.142
374,29204 Alpine Plaza 341-78-3227,rdellortoad@webs.com 134.18.52.122
375,52488 Warrior Hill 628-06-7521,eengelmannae@skyrock.com 97.210.225.169
376,1119 Ridgeway Pass 589-49-8663,smoleaf@ucla.edu 224.219.102.0
377,660 Starling Circle 238-02-0511,mmatchettag@merriam-webster.com 39.108.228.106
378,537 Morrow Avenue 434-11-1463,lwitterah@barnesandnoble.com 178.189.144.94
379,02 Surrey Hill 550-44-1874,klonerganai@dyndns.org 3.6.101.13
380,56 Clyde Gallagher Center 781-35-5466,pkrzysztofiakaj@reference.com 148.15.191.197
381,14106 Farmco Avenue 387-10-4626,hsamplesak@bravesites.com 35.109.221.167
382,98 Commercial Plaza 349-17-3288,jwarbrickal@woothemes.com 37.105.138.52
383,4 Sycamore Trail 833-70-4004,ddeetham@ibm.com 0.184.60.200
384,1753 Towne Terrace 229-05-3140,jdoolandan@about.com 133.19.126.73
385,367 Blackbird Pass 317-16-0209,aembyao@answers.com 15.210.85.172
386,26740 Rusk Point 237-06-1693,pskirrowap@cam.ac.uk 110.18.87.41
387,947 Steensland Junction 725-53-4433,scradyaq@gravatar.com 210.42.124.34
388,035 Mesta Park 855-94-2794,nhenrichsenar@china.com.cn 214.64.198.89
389,74 Stuart Avenue 144-24-3997,rchadbournas@bbc.co.uk 201.189.141.99
390,4227 Monterey Hill 330-87-6176,mbaytropat@prlog.org 16.125.177.140
391,26060 Debra Pass 778-52-5904,srotherforthau@artisteer.com 4.18.19.251
392,6 Kim Park 885-21-7556,rrannerav@hostgator.com 149.155.134.209
393,79412 Grover Circle 635-59-8760,cattockaw@ning.com 232.42.230.0
394,4 Mesta Court 797-95-0017,aeleyax@go.com 220.199.182.92
395,35 Esker Avenue 346-35-6845,gmatevosianay@sphinn.com 120.210.166.170
396,423 Dayton Terrace 841-39-0211,codhamsaz@xrea.com 25.19.32.11
397,172 Lakewood Gardens Lane 472-23-5712,vandrolib0@jimdo.com 0.87.81.73
398,3 Melody Place 310-87-5407,nduffynb1@google.fr 213.111.245.108
399,5565 Bunker Hill Trail 144-38-9040,mmccrearyb2@cbc.ca 104.176.237.200
400,1 Gulseth Park 603-05-9737,rtresvinab3@nps.gov 157.227.173.38
401,36231 Hayes Point 478-63-3575,rpereirab4@goodreads.com 8.14.81.170
402,946 Westport Terrace 563-86-9659,dmolanb5@nifty.com 189.7.46.23
403,84944 John Wall Plaza 437-12-3761,sdanb6@omniture.com 32.9.124.240
404,34241 Hooker Trail 314-60-3779,habbottb7@so-net.ne.jp 32.143.118.52
405,57241 Alpine Center 720-93-1842,lclerkb8@t.co 179.186.181.166
406,121 Mayer Lane 695-03-7783,lcrecyb9@csmonitor.com 86.17.24.11
407,249 Comanche Hill 415-73-5363,jdelayglesiaba@cloudflare.com 29.102.88.101
408,2 Meadow Vale Place 248-15-8840,mpatelbb@merriam-webster.com 143.181.174.93
409,3358 Waubesa Trail 395-64-9014,sangusbc@comsenz.com 132.89.98.66
410,20 Oakridge Plaza 114-44-6592,mthowbd@twitpic.com 180.112.45.144
411,1 Kim Drive 857-23-5686,mdanelutbe@yellowpages.com 188.160.184.65
412,508 Knutson Pass 156-11-6037,gfrowbf@nifty.com 229.195.44.87
413,24754 Canary Parkway 413-45-7889,amcgraithbg@nbcnews.com 23.17.144.52
414,153 Rockefeller Trail 301-72-0873,cmorebybh@biblegateway.com 145.172.182.214
415,0 Duke Pass 438-19-2466,eharriskinebi@hexun.com 190.25.123.219
416,563 Butternut Trail 564-42-4357,hnorfolkbj@icio.us 247.121.242.195
417,6 Cascade Trail 383-84-9161,ahathawaybk@pinterest.com 220.202.120.220
418,183 Holy Cross Center 365-93-8543,ncradocbl@sitemeter.com 86.156.129.121
419,2 Southridge Circle 263-54-6623,jbruyettbm@gizmodo.com 204.143.151.219
420,36 Namekagon Lane 551-67-0613,cfeldbn@wufoo.com 211.184.139.214
421,72224 Stuart Plaza 585-17-6140,jmacfarlandbo@blog.com 227.26.243.213
422,873 Stoughton Street 669-51-9922,feaseybp@com.com 177.111.105.183
423,10 Sauthoff Hill 181-50-5052,mmcalinionbq@wordpress.com 95.9.72.220
424,6 Magdeline Way 527-68-7872,dmckinnellbr@businesswire.com 33.179.231.78
425,16968 Oxford Parkway 762-92-1311,jbavridgebs@amazon.co.uk 190.13.47.129
426,4434 Meadow Ridge Lane 301-48-8759,jnotobt@feedburner.com 187.165.142.118
427,41 Mockingbird Lane 318-22-9537,eglanertbu@reuters.com 186.31.58.233
428,16460 Montana Plaza 796-71-1825,dpruvostbv@yahoo.co.jp 1.72.111.144
429,454 Vernon Circle 210-10-4115,vcrinionbw@alexa.com 197.115.228.198
430,6 Maple Wood Circle 344-10-2192,mpietersbx@whitehouse.gov 233.53.255.159
431,011 Ohio Court 362-54-8826,dkubanby@ocn.ne.jp 11.210.198.94
432,077 Butterfield Terrace 196-96-8829,lbrentnallbz@pcworld.com 29.57.179.202
433,0259 Dryden Terrace 324-11-7559,sromec0@princeton.edu 9.164.102.194
434,5 4th Hill 177-91-5560,mwhitefordc1@blogspot.com 254.230.36.44
435,5 South Hill 576-36-0161,yfiddymentc2@usatoday.com 101.194.180.239
436,1338 Meadow Ridge Alley 664-76-2251,akirkbridec3@thetimes.co.uk 43.161.157.250
437,4671 Granby Avenue 351-08-6178,wbraunlec4@harvard.edu 26.225.159.72
438,83458 Eastwood Circle 525-61-1514,clightningc5@sbwire.com 120.191.149.12
439,298 Loeprich Parkway 203-21-0894,dwingattc6@yolasite.com 19.64.47.54
440,3181 Maple Wood Parkway 289-77-3578,mstaddenc7@earthlink.net 65.49.100.238
441,383 7th Street 421-93-1127,bkindlec8@deviantart.com 149.68.224.252
442,750 Lakewood Center 784-77-1398,bpatmorec9@howstuffworks.com 250.35.212.80
443,002 Troy Terrace 524-99-7595,huwinsca@mail.ru 171.125.234.9
444,95786 Hintze Place 161-17-1262,jfeathersbycb@dell.com 145.221.166.6
445,44 Golf Alley 705-80-8113,lcurriercc@etsy.com 188.135.215.109
446,15284 Express Parkway 820-51-6187,yalbrocd@imgur.com 246.166.153.113
447,48 Pepper Wood Pass 212-54-3833,knortheyce@studiopress.com 232.137.161.218
448,293 Hallows Alley 399-54-2524,jscraneycf@4shared.com 83.16.115.91
449,7287 Acker Street 830-71-0362,kewellscg@toplist.cz 145.113.158.6
450,152 Garrison Parkway 489-57-9852,ksellorch@issuu.com 137.242.253.75
451,00683 Lakewood Park 150-93-3602,uduesberryci@posterous.com 217.41.79.80
452,53271 Main Terrace 665-25-7278,lmoresbycj@over-blog.com 94.0.5.116
453,4511 Meadow Vale Parkway 184-25-4224,smckimmieck@jugem.jp 130.230.22.51
454,1 Morningstar Pass 176-51-9641,dgilliocl@tiny.cc 188.233.40.136
455,9 Bellgrove Avenue 628-88-2899,cjuppcm@purevolume.com 15.89.209.30
456,4 Aberg Point 100-48-6434,yscandwrightcn@g.co 173.189.76.224
457,35697 Arizona Plaza 163-29-8168,datherleyco@nasa.gov 223.157.34.60
458,442 Bluejay Plaza 590-56-9455,rsalleircp@desdev.cn 225.218.125.7
459,62435 Dorton Street 829-76-9374,tfaithorncq@nationalgeographic.com 205.174.6.176
460,4 Rowland Center 265-68-0226,tavesoncr@macromedia.com 118.4.112.81
461,534 Dixon Place 385-28-0590,jwaymontcs@seesaa.net 73.3.30.44
462,50425 Oxford Court 787-21-0993,nmartindalect@deviantart.com 218.114.0.140
463,8078 Dixon Crossing 720-25-6323,lfaulconercu@edublogs.org 97.120.222.47
464,01511 Dwight Circle 704-49-0901,osanneycv@pen.io 59.231.149.72
465,49 Buena Vista Pass 441-15-4290,epodscw@stumbleupon.com 223.120.74.238
466,40 Buell Center 194-80-9681,pgoodladcx@angelfire.com 169.132.210.114
467,25217 Meadow Ridge Terrace 374-30-2533,akleimtcy@youtube.com 90.145.47.148
468,0 Bunker Hill Circle 429-78-5265,ttaffecz@oakley.com 144.54.73.7
469,3 Manley Avenue 454-41-7353,hveillardd0@narod.ru 30.89.38.132
470,7490 Forest Dale Drive 701-19-3963,mordishd1@typepad.com 135.158.55.202
471,30795 Northport Pass 420-11-5364,vkenyond2@instagram.com 224.245.242.204
472,02942 Nelson Circle 206-31-1936,rhasseyd3@homestead.com 28.85.63.49
473,97 Donald Court 288-37-7009,dbumfreyd4@slate.com 43.9.164.36
474,402 Rieder Center 724-09-2031,awandtked5@slate.com 188.191.80.102
475,40 Ridge Oak Point 828-52-8955,tgooddingd6@hostgator.com 34.235.183.109
476,5097 Lien Center 414-76-8688,sweepersd7@hao123.com 247.251.244.46
477,9563 Twin Pines Lane 540-17-3950,pecclesalld8@printfriendly.com 180.212.61.185
478,663 Evergreen Park 116-23-3758,brippingd9@state.tx.us 24.195.255.216
479,5 School Plaza 118-80-2970,growthorneda@umn.edu 97.106.199.208
480,1549 John Wall Terrace 413-47-4748,bfruendb@aol.com 171.52.9.193
481,30 Clemons Avenue 581-87-8032,mmiramsdc@bluehost.com 245.4.173.15
482,552 Birchwood Hill 657-81-4243,dschuttdd@howstuffworks.com 212.69.50.100
483,201 Banding Drive 867-55-4423,abazelyde@infoseek.co.jp 88.141.118.26
484,2 Johnson Drive 235-32-3617,mfennerdf@webmd.com 234.152.111.91
485,3744 Warner Place 201-94-9567,nalldrittdg@yolasite.com 98.166.251.150
486,56 Bayside Park 174-11-3683,ilearmouthdh@yellowbook.com 253.157.134.66
487,53952 Mandrake Parkway 352-21-3224,jallibonedi@nytimes.com 63.189.251.91
488,019 Grayhawk Hill 563-01-2191,ehedgedj@cyberchimps.com 100.101.121.188
489,4 Orin Point 463-20-0560,cbaffdk@bluehost.com 118.221.228.229
490,7 Porter Place 681-55-4795,eondrousekdl@cpanel.net 246.111.206.179
491,9 Dunning Lane 728-59-2217,apethrickdm@bravesites.com 254.174.222.111
492,73 Hovde Drive 123-21-8392,otaphousedn@cyberchimps.com 120.13.71.106
493,1 Badeau Park 333-69-8380,rhawesdo@shareasale.com 84.155.164.41
494,32 Cottonwood Point 183-39-0277,gsmallsmandp@gnu.org 17.111.38.79
495,28 High Crossing Court 431-51-5482,aclairedq@globo.com 133.107.53.139
496,6 Prairie Rose Road 725-31-8200,gegarrdr@weebly.com 146.229.29.128
497,3692 Jenna Way 538-36-8008,estillingds@jimdo.com 141.122.82.141
498,93804 Waxwing Road 557-02-3468,ekelsowdt@yellowbook.com 109.215.81.225
499,55650 Warrior Plaza 435-06-4133,ccaressdu@auda.org.au 18.234.102.146
500,9 Mcbride Circle 404-57-7656,kbortoldv@cyberchimps.com 64.166.170.99
501,388 Hooker Road 134-95-0092,agrimmedw@addthis.com 238.237.170.227
502,19147 Dayton Place 796-87-2185,nsiggedx@craigslist.org 139.230.111.246
503,3 Southridge Place 343-82-5312,hfaichdy@ocn.ne.jp 127.43.192.186
504,69 Milwaukee Lane 268-94-4314,ahockeydz@icio.us 139.17.158.148
505,470 Lighthouse Bay Crossing 671-43-0531,bdavenelle0@oracle.com 108.126.154.0
506,45 Ridgeview Place 707-59-3890,taxelbye1@artisteer.com 128.189.41.66
507,07 Alpine Hill 516-95-9635,lshaptere2@squarespace.com 77.171.200.191
508,3342 Debra Park 741-62-9162,kpimericke3@rediff.com 108.33.186.134
509,1654 East Way 550-04-2057,efilyushkine4@clickbank.net 177.247.242.63
510,69 Stone Corner Parkway 504-26-4431,rdorneye5@altervista.org 216.171.133.51
511,41314 Myrtle Parkway 443-32-8453,aposvnere6@mtv.com 119.182.89.189
512,2 Lindbergh Junction 839-01-0813,ariehme7@wisc.edu 146.132.96.240
513,458 Village Green Plaza 293-14-6795,brouchye8@google.com.au 130.74.159.255
514,9 Sauthoff Pass 688-63-3696,lballarde9@npr.org 98.48.78.161
515,9074 Mandrake Place 423-82-1688,tdanzigea@amazonaws.com 28.253.14.10
516,94 West Terrace 329-05-1817,vmcgaughayeb@prlog.org 163.151.156.249
517,8117 Nancy Plaza 737-57-6184,etitchmarshec@aol.com 96.59.155.81
518,536 Division Hill 785-99-1200,mmcgibboned@instagram.com 236.227.95.2
519,0346 Carberry Center 312-21-1861,lriachee@usatoday.com 149.2.41.155
520,8 Main Junction 217-28-6776,atidmarshef@so-net.ne.jp 160.161.83.118
521,851 Parkside Alley 182-79-2867,evereganeg@nba.com 188.80.78.52
522,1793 Annamark Parkway 877-24-8576,bamphletteh@arstechnica.com 24.18.183.152
523,309 Hudson Alley 306-78-4108,dsallowayeei@hp.com 104.89.92.163
524,45 Monument Center 882-76-3675,eturfusej@cornell.edu 129.62.190.43
525,069 Vahlen Place 464-53-6735,cmooreedek@hubpages.com 125.139.244.19
526,7853 Springs Road 404-32-5951,cbeardonel@webeden.co.uk 238.152.171.50
527,917 1st Trail 137-41-2007,bandrivotem@webnode.com 135.151.222.122
528,0 Prairie Rose Plaza 374-35-7249,csherrearden@youku.com 251.30.11.117
529,3 Pond Lane 309-99-7060,hdeloseo@webnode.com 132.128.50.83
530,6 Forest Plaza 123-41-3570,crennisonep@wp.com 76.40.184.255
531,68 8th Way 787-80-7880,ghedauxeq@wsj.com 223.127.228.96
532,0033 Bobwhite Crossing 126-72-6524,jsoeiroer@japanpost.jp 29.174.208.114
533,2819 Monica Road 647-64-5167,iglisanees@slideshare.net 92.150.172.59
534,9117 Saint Paul Parkway 562-22-9085,dcoatenet@list-manage.com 115.140.167.219
535,61206 Lakeland Terrace 134-37-1362,ckoppeneu@technorati.com 91.10.105.39
536,00 Grim Place 553-68-0311,ccrushev@wufoo.com 199.222.149.241
537,98834 Linden Crossing 194-01-0119,athurnerew@gnu.org 138.202.188.36
538,21 Dawn Crossing 195-62-9625,ebeddonex@google.pl 137.99.167.246
539,82 Granby Terrace 871-84-5351,rsendleyey@foxnews.com 161.73.121.203
540,10690 Sutherland Center 661-36-2510,rwhenmanez@cloudflare.com 247.182.180.53
541,0 Melby Alley 756-83-2050,kalywinf0@slate.com 231.237.71.14
542,392 Graedel Lane 502-49-9498,jgallonf1@bizjournals.com 32.108.111.10
543,435 Hoard Drive 393-36-8133,ofrankemaf2@youku.com 83.234.30.61
544,118 Cherokee Park 899-47-8795,lcraigmilef3@liveinternet.ru 154.4.111.187
545,7 Granby Trail 305-90-5262,bdebenedettif4@bloglovin.com 197.99.222.71
546,8 Aberg Alley 321-08-5035,hharrowf5@friendfeed.com 166.92.55.214
547,666 Fremont Street 416-77-0683,eaultonf6@mac.com 218.252.148.23
548,5 Lakewood Gardens Plaza 242-40-9527,csleightf7@addtoany.com 44.112.114.25
549,216 Superior Place 649-57-3295,eavrasinf8@sina.com.cn 70.1.202.199
550,2118 Fairview Circle 182-81-5502,jickovf9@latimes.com 98.27.138.79
551,58674 North Place 252-19-8012,lcawkwellfa@google.it 33.221.102.247
552,1 Gateway Way 352-68-2363,posburnfb@people.com.cn 147.231.56.163
553,23 Michigan Street 100-86-9040,posgarbyfc@nhs.uk 203.235.187.43
554,551 Calypso Pass 317-67-6252,efitzsimonsfd@bbb.org 140.7.190.149
555,06164 Vahlen Park 298-07-9525,sdegouyfe@smugmug.com 86.199.69.187
556,77034 Mayer Court 134-83-4056,nspriggingff@fastcompany.com 69.223.132.207
557,137 Sunbrook Hill 232-20-6333,qlowaterfg@indiegogo.com 121.91.254.195
558,0 Dexter Street 654-21-8310,bwilcotfh@hugedomains.com 198.51.210.40
559,31747 Jana Trail 835-93-4023,abarwackfi@addtoany.com 222.144.179.12
560,42 Comanche Avenue 700-75-0295,mbartolomuccifj@un.org 212.254.173.162
561,6 Reinke Lane 279-19-7196,eskeltonfk@prlog.org 148.3.37.129
562,5 Badeau Plaza 229-33-5518,vallibonfl@paginegialle.it 127.192.172.151
563,4093 Norway Maple Parkway 729-22-9976,ktirrellfm@nationalgeographic.com 218.20.227.249
564,997 Jackson Trail 313-46-7121,skeneleysidefn@vkontakte.ru 30.21.200.154
565,122 Spenser Terrace 200-91-6842,caddionisiofo@washingtonpost.com 243.165.150.154
566,36504 Union Hill 204-96-9218,tpaeckmeyerfp@netscape.com 36.217.150.89
567,3 Towne Drive 200-85-7331,mdymickfq@livejournal.com 233.244.21.32
568,8699 Elmside Alley 171-73-4746,dtorresifr@discovery.com 3.42.48.217
569,37 Annamark Trail 653-08-4313,gcomberfs@bloglovin.com 182.209.79.63
570,30 Morrow Parkway 566-48-0033,triddioughft@princeton.edu 204.120.127.12
571,4 American Ash Road 126-13-8682,dbachnicfu@360.cn 249.45.43.119
572,82346 Lighthouse Bay Avenue 629-40-0499,tambroisfv@4shared.com 207.2.205.77
573,56 Cottonwood Street 505-82-6364,diacovazzifw@netscape.com 142.217.221.23
574,54066 Messerschmidt Parkway 745-93-0134,asnellerfx@fotki.com 187.158.166.76
575,39 Westend Court 299-42-4240,dmalloyfy@rediff.com 21.93.252.202
576,4832 Eastwood Park 255-68-4926,ghounshamfz@ted.com 57.189.178.6
577,136 Arkansas Plaza 394-67-6734,esprattg0@unblog.fr 0.225.69.193
578,140 Fairfield Trail 318-08-4860,dciciarig1@time.com 219.198.236.43
579,2396 Dovetail Street 839-72-9525,dloadmang2@cdbaby.com 87.234.156.160
580,98551 Elmside Alley 736-29-7412,kstaggg3@tuttocitta.it 247.94.92.66
581,62484 Homewood Street 517-80-2428,mbelhamg4@toplist.cz 39.148.245.97
582,2 Forster Circle 474-17-1004,glindopg5@msn.com 126.82.60.229
583,947 Ridgeview Pass 181-85-0417,ocorcutg6@g.co 214.46.245.60
584,13164 Moulton Junction 450-42-0204,rlancettg7@google.com 137.109.10.80
585,6709 Acker Center 655-84-8150,fdudeneyg8@mit.edu 255.237.244.144
586,0 Marquette Parkway 871-65-6796,cbengerg9@cisco.com 224.90.216.123
587,18 Browning Trail 473-91-7571,jmarwickga@techcrunch.com 50.205.31.239
588,3 Autumn Leaf Court 597-03-0306,jsouthwardgb@prlog.org 240.236.113.99
589,8524 Anzinger Trail 260-96-5960,dzecchiniigc@wix.com 66.24.176.28
590,2 Crownhardt Drive 472-73-0553,lrobersongd@skyrock.com 203.212.114.99
591,00360 Laurel Point 130-78-9960,hreeksge@dedecms.com 145.112.104.240
592,027 Macpherson Court 358-94-0518,abollongf@parallels.com 218.59.31.8
593,97 Center Hill 202-61-1398,smatzengg@nasa.gov 11.38.49.206
594,26 Chinook Court 135-97-4478,bdampgh@usnews.com 39.204.37.86
595,9600 Linden Pass 506-08-8960,jleregi@paginegialle.it 238.28.229.110
596,4 Northridge Center 588-46-0427,cfrostdykegj@slideshare.net 112.108.0.176
597,782 Dunning Hill 363-70-0992,fspringthorpgk@taobao.com 5.58.49.122
598,182 Esch Drive 689-41-8562,waronovitzgl@list-manage.com 79.129.246.136
599,242 Northview Street 879-85-3338,mwiggallgm@patch.com 89.247.220.239
600,5975 Reindahl Street 373-26-7638,lgilffillangn@posterous.com 194.159.66.96
601,9 Elgar Way 845-50-1324,lvernigo@foxnews.com 74.161.224.24
602,59341 Mccormick Point 687-87-4120,mollarenshawgp@nps.gov 240.209.180.161
603,4 Sunfield Drive 171-83-7933,abourtongq@who.int 180.85.218.137
604,566 Cambridge Terrace 837-57-3074,mbeininckgr@exblog.jp 20.203.41.249
605,98 Ronald Regan Center 709-85-0040,diddygs@godaddy.com 136.104.252.32
606,1 Tony Junction 414-31-7390,flazenbygt@mit.edu 224.50.110.66
607,39086 Westend Crossing 823-24-3274,slascellgu@de.vu 249.137.63.10
608,74305 Forster Trail 774-23-8936,dsimcoegv@patch.com 113.150.90.166
609,50483 Green Ridge Parkway 730-02-1348,sdoreygw@nasa.gov 33.140.76.255
610,08200 Clyde Gallagher Park 283-72-6204,wcalfgx@opera.com 70.218.76.133
611,08 Dexter Avenue 449-29-5656,dmerrigansgy@stanford.edu 135.165.4.143
612,2 Northland Pass 320-31-3371,kbrughgz@linkedin.com 255.128.52.56
613,90 Cardinal Drive 129-09-2441,hflacknellh0@livejournal.com 235.113.188.19
614,60660 Swallow Hill 654-49-5654,cspyvyeh1@webmd.com 156.11.92.231
615,5 Prentice Lane 837-16-8361,ddenisonh2@nih.gov 7.251.8.167
616,10659 3rd Circle 451-98-7554,ddaltreyh3@mapquest.com 248.144.125.166
617,69507 Valley Edge Point 170-59-8685,eflintiffh4@vkontakte.ru 129.8.3.236
618,90 Prentice Court 667-72-0639,ebastardh5@cdbaby.com 175.120.104.206
619,51723 Mccormick Pass 833-08-3118,tscarthh6@google.ca 9.70.245.223
620,894 Sullivan Crossing 455-43-2033,obeagleholeh7@paginegialle.it 137.25.234.144
621,965 Westerfield Plaza 526-77-0639,jgallehockh8@blinklist.com 202.102.55.32
622,9 Gina Court 551-39-0825,egauldh9@naver.com 166.8.94.41
623,3540 Corscot Street 199-01-7081,prippingallha@shutterfly.com 112.191.165.18
624,4283 Eliot Circle 392-68-2291,elarmourhb@rambler.ru 91.41.2.146
625,5159 Meadow Ridge Crossing 519-94-2025,fdodshonhc@icio.us 28.180.3.90
626,3 Brickson Park Road 295-72-0027,bjeffrieshd@yale.edu 244.172.159.163
627,2988 Del Sol Avenue 234-63-6900,jwillinghamhe@craigslist.org 222.170.59.125
628,42873 Blue Bill Park Avenue 867-55-6518,ttruslerhf@facebook.com 0.37.147.231
629,802 Jana Trail 108-24-4840,jpizziehg@meetup.com 247.34.37.122
630,2498 Hermina Junction 334-15-2062,bdixiehh@businessinsider.com 167.58.182.75
631,3 Cordelia Way 695-12-1583,kquernelhi@accuweather.com 104.4.36.164
632,6 Londonderry Avenue 225-66-8050,jhackinhj@weibo.com 74.170.231.199
633,99 Jay Terrace 333-88-8979,sfairleyhk@umn.edu 187.59.148.237
634,4525 Troy Terrace 721-81-5450,hthomshl@163.com 253.48.254.49
635,76001 Merchant Park 195-75-4930,xbernolethm@dion.ne.jp 31.100.51.241
636,4606 Westerfield Center 424-29-3199,msebastianhn@economist.com 108.8.254.45
637,88 Grasskamp Crossing 339-48-0063,ccornickho@meetup.com 191.37.117.74
638,9304 Rieder Lane 898-54-7779,nosanhp@tumblr.com 200.161.241.60
639,4810 Vidon Trail 651-63-1119,qtollhq@etsy.com 69.251.98.62
640,2561 Glacier Hill Point 586-28-2326,adenninghr@moonfruit.com 123.18.253.241
641,560 Village Green Lane 338-63-8499,lwarrhs@xing.com 94.243.211.217
642,6 Alpine Center 652-55-9684,lclaxsonht@wikipedia.org 116.77.33.241
643,9 Monument Way 869-68-7584,fkollaschekhu@artisteer.com 98.62.5.235
644,39 Mariners Cove Road 187-73-2551,bwinkshv@discuz.net 251.29.21.19
645,1 Thierer Court 632-92-6435,sgrimsdellhw@ucsd.edu 244.30.228.64
646,5 Memorial Avenue 265-84-4214,dtoorhx@bbb.org 211.193.35.100
647,90470 Elmside Court 418-53-7726,aducarmehy@about.com 129.246.219.198
648,1374 Burning Wood Point 234-66-5803,ctebbethz@state.tx.us 32.57.33.172
649,3 Continental Point 562-77-9526,nlekeuxi0@ifeng.com 147.126.42.172
650,7884 Sutteridge Lane 756-13-9906,smullallyi1@spotify.com 190.66.175.12
651,59711 Loeprich Trail 718-51-3401,mgatwardi2@timesonline.co.uk 241.18.147.83
652,8030 Dawn Street 731-09-5217,csewarti3@imageshack.us 103.161.207.156
653,9 Sullivan Pass 813-69-2052,lkinseti4@springer.com 68.128.129.135
654,00164 Declaration Alley 275-59-5581,fnuthi5@goo.ne.jp 216.56.45.252
655,810 Oak Valley Road 143-34-2905,avarahi6@mayoclinic.com 39.110.47.60
656,34520 Morning Place 107-33-1416,cbroggettii7@dagondesign.com 250.134.37.238
657,477 Summit Lane 204-81-1168,jhumberi8@oaic.gov.au 93.127.186.148
658,7002 Sycamore Court 519-37-5036,kmegarrelli9@t.co 229.246.165.171
659,632 Morrow Drive 688-68-5594,ajacobsenia@pbs.org 50.5.135.215
660,60 Sunfield Park 568-62-6463,lbelfittib@disqus.com 215.48.52.91
661,09 Arapahoe Drive 843-95-8344,skindleic@jiathis.com 227.156.36.218
662,34 Armistice Drive 542-28-8830,jheinssenid@netlog.com 60.82.244.240
663,7895 Darwin Junction 410-82-6463,flesslieie@nbcnews.com 1.231.172.234
664,7600 Surrey Place 858-87-1739,wpetrelloif@1688.com 218.94.186.163
665,27 Forest Dale Center 559-54-2806,dyeolandig@google.co.jp 178.53.1.211
666,277 Anzinger Trail 660-48-7374,slynesih@dell.com 62.103.139.96
667,3 Autumn Leaf Trail 373-50-0501,orismanii@umn.edu 20.86.125.47
668,27957 Randy Point 240-40-1908,cwongij@pcworld.com 210.195.197.87
669,7513 Northview Alley 165-91-5035,hreingerik@wunderground.com 82.219.11.25
670,4750 Pond Lane 631-21-3914,wfauloil@vk.com 146.129.221.200
671,7937 Esker Drive 222-12-6308,gomaraim@xrea.com 43.139.133.91
672,43 Prentice Trail 454-76-3979,apeytoin@dailymail.co.uk 56.169.159.46
673,06 Pine View Drive 726-03-5741,ncordieio@redcross.org 245.201.209.150
674,0246 8th Hill 579-12-8889,lpermainip@ihg.com 192.86.238.12
675,0610 Farragut Place 155-06-4255,vbehningiq@archive.org 240.61.107.59
676,1 2nd Terrace 372-55-0596,bjouhningir@twitpic.com 71.73.51.240
677,99480 Summit Circle 480-42-6210,scastelainis@mapy.cz 120.6.104.122
678,6242 Forster Alley 337-21-4073,lwhitemanit@tripod.com 112.151.95.22
679,513 Dawn Pass 760-22-0119,etousyiu@histats.com 49.58.212.237
680,9364 Golf Course Parkway 393-86-0249,mcheltnamiv@ehow.com 135.120.193.143
681,5 Heath Court 330-90-3080,cseintiw@china.com.cn 22.98.242.26
682,71860 Stuart Alley 354-71-6141,tbamletix@nba.com 94.67.239.241
683,14872 Blackbird Pass 662-14-9430,wagglioneiy@pinterest.com 187.251.208.230
684,37836 Eliot Crossing 551-46-4840,stiltiz@live.com 232.155.254.107
685,023 Bultman Terrace 224-15-5677,jhadnyj0@kickstarter.com 67.117.59.142
686,8803 Sommers Hill 835-62-1939,tcadmanj1@digg.com 72.33.54.58
687,818 Mariners Cove Road 849-16-3648,pshillj2@loc.gov 201.241.252.193
688,03 Fulton Pass 273-52-8982,amatzelj3@webs.com 12.64.5.198
689,3746 Di Loreto Drive 370-32-0027,fbruinemanj4@sohu.com 66.76.157.35
690,1098 Pawling Lane 361-96-7738,spittfordj5@photobucket.com 166.198.88.161
691,717 Carberry Place 475-56-6115,kmckeachiej6@springer.com 74.70.250.215
692,45 Schiller Crossing 186-55-4921,etibbettsj7@nps.gov 44.154.116.144
693,33474 Graceland Terrace 201-24-3996,ccranhamj8@cam.ac.uk 34.233.152.83
694,9337 Arapahoe Drive 812-98-6109,jchreej9@technorati.com 5.18.131.7
695,140 Kensington Lane 250-18-3972,apinningtonja@goo.gl 98.132.66.95
696,96 Center Drive 532-36-1952,npointsjb@cnet.com 227.99.229.189
697,8 Sycamore Road 511-93-0331,dolenovjc@wufoo.com 116.221.85.254
698,2588 Melby Court 427-13-1912,kfoulstonejd@businesswire.com 135.193.83.233
699,95428 Annamark Park 567-70-3820,ksimonaitisje@scribd.com 2.206.146.86
700,102 Cody Lane 663-94-3566,rsantinojf@last.fm 24.127.93.15
701,34001 Elka Junction 807-16-8957,rmottojg@blog.com 52.31.123.223
702,91922 Holy Cross Circle 125-34-7940,ocabraljh@themeforest.net 108.240.95.72
703,2764 Thompson Trail 215-97-3715,dcunnellji@pagesperso-orange.fr 61.181.58.47
704,8 Bayside Pass 498-79-2046,tnollethjj@sciencedaily.com 229.9.59.207
705,16810 Forest Dale Center 425-74-4613,llavenjk@sun.com 173.135.197.63
706,86 Oneill Road 790-56-0504,ncreavanjl@pagesperso-orange.fr 220.143.159.12
707,132 Meadow Ridge Junction 200-08-4217,cmakeyjm@imdb.com 6.47.110.154
708,22358 Holmberg Center 296-59-2616,lrowelljn@narod.ru 171.178.24.130
709,7349 Atwood Park 394-42-8264,lreithjo@bandcamp.com 69.158.191.167
710,54765 Thackeray Avenue 675-13-6444,ngaudenjp@over-blog.com 112.205.190.11
711,8 Karstens Hill 731-77-5653,lwhitcombjq@nifty.com 178.216.76.177
712,3 Cardinal Center 197-99-3452,hworsomjr@wikispaces.com 174.195.108.170
713,27 Eagle Crest Center 827-83-9220,gmoulsterjs@gravatar.com 26.25.239.243
714,048 6th Avenue 125-63-3466,tedisjt@miibeian.gov.cn 173.29.184.58
715,192 Loeprich Way 368-58-4762,gkirmanju@wired.com 175.63.115.112
716,28951 Washington Avenue 211-07-7689,stisonjv@oakley.com 3.219.154.191
717,6871 Sutteridge Road 550-82-9395,cgrenehamjw@weibo.com 29.28.70.119
718,5325 Mesta Place 262-06-4345,ecolvinejx@cam.ac.uk 211.2.173.128
719,0696 Rowland Way 622-72-3876,smorralleejy@deliciousdays.com 171.3.128.136
720,0097 Carpenter Parkway 327-41-7361,rwhanneljz@techcrunch.com 146.42.95.38
721,1 Bellgrove Road 424-36-9878,aperesk0@nasa.gov 213.191.35.166
722,39 Sundown Place 168-87-8000,ablinderk1@yolasite.com 139.122.192.217
723,7428 Moose Trail 883-06-7507,bbraitlingk2@mit.edu 100.106.15.61
724,8952 Lake View Pass 463-64-4542,ctrumpk3@jalbum.net 221.93.164.105
725,2100 Delladonna Lane 686-30-0247,senionk4@theglobeandmail.com 121.78.83.93
726,68 Buhler Road 823-74-1725,apyerk5@typepad.com 167.121.192.253
727,7 Evergreen Street 382-03-1775,cdidomenicok6@wunderground.com 231.122.216.154
728,9 Gulseth Pass 663-48-4409,cwadlowk7@senate.gov 73.161.252.75
729,10 Stoughton Crossing 453-74-8920,ohaliburnk8@1und1.de 182.18.77.189
730,1641 Graedel Terrace 335-04-3714,cduigedk9@npr.org 18.210.47.108
731,84 Dawn Street 844-19-5910,jcoppoka@ovh.net 248.163.241.150
732,3911 Boyd Road 285-61-7244,tendersbykb@fotki.com 178.60.83.96
733,91 Bashford Hill 189-07-6263,rcristoforokc@usda.gov 168.157.99.110
734,62943 Johnson Crossing 226-76-8164,rwortskd@unesco.org 31.62.242.41
735,501 Warrior Drive 628-76-2770,cdeereke@moonfruit.com 106.159.157.57
736,24 Rockefeller Park 399-37-8473,alocksleykf@vistaprint.com 200.147.41.59
737,0371 Lighthouse Bay Junction 412-74-8294,gspurdenkg@skype.com 230.149.248.108
738,032 Michigan Trail 569-91-2527,zmckeowonkh@reddit.com 21.56.164.10
739,79631 Algoma Plaza 694-45-3476,rrheltonki@pen.io 121.237.184.110
740,5789 Sunfield Park 692-13-0671,crichardkj@sciencedirect.com 96.193.72.93
741,5299 Judy Way 131-81-5309,rwabersichkk@deviantart.com 152.45.35.80
742,7 Pine View Center 177-02-0405,jmackintoshkl@google.co.jp 25.17.55.109
743,9241 Gina Street 471-66-9604,bbolinokm@weather.com 142.201.109.32
744,51 Fulton Pass 506-62-9930,lglendiningkn@bloglines.com 58.11.173.185
745,5046 Veith Circle 550-35-4145,kcicciko@disqus.com 102.189.222.60
746,0049 Prairieview Alley 695-20-1734,obittenkp@bing.com 74.19.232.19
747,8078 Clove Alley 260-10-5517,prigglesfordkq@irs.gov 188.68.14.81
748,52 Starling Point 155-25-2762,jtrengrovekr@dell.com 127.39.123.154
749,02 Dawn Court 339-91-7544,walbrechtks@amazon.com 34.197.71.190
750,466 Tony Crossing 122-53-0553,ccornishkt@paypal.com 37.143.80.47
751,83972 Hauk Street 768-39-3133,mnewissku@omniture.com 89.51.4.251
752,0 Sage Place 618-96-2962,caierskv@cbsnews.com 229.112.174.141
753,5 Autumn Leaf Parkway 131-60-1848,bdanykw@vk.com 72.139.162.143
754,8410 Westend Trail 813-67-9604,mcoyteskx@prnewswire.com 142.89.35.199
755,6926 Mccormick Parkway 223-99-6554,rhulkeky@furl.net 24.208.245.5
756,47 Hoepker Circle 153-33-7399,mspenderkz@jimdo.com 142.83.169.90
757,6906 Boyd Court 313-48-7326,aheavyl0@businessweek.com 105.72.217.49
758,81949 Sheridan Point 310-81-8010,ochazelasl1@cornell.edu 133.61.204.30
759,65491 Doe Crossing Terrace 687-10-7841,jbudnikl2@drupal.org 152.36.100.239
760,13078 Dovetail Pass 291-65-9617,kstowtel3@topsy.com 112.195.60.118
761,76 Myrtle Way 850-59-4458,bpaulsl4@instagram.com 217.154.104.234
762,270 Cody Road 789-74-8814,dyarnoldl5@yellowbook.com 171.162.188.80
763,4410 Esch Road 579-19-8742,ehowiesonl6@walmart.com 127.87.172.95
764,910 Browning Circle 355-73-7738,djannyl7@twitter.com 253.150.125.255
765,196 Delladonna Place 628-33-5502,scicceralel8@tmall.com 117.30.17.72
766,1 Knutson Drive 172-82-7089,rgreenierl9@archive.org 148.247.118.24
767,33 Butterfield Center 185-54-1151,idahlela@smugmug.com 186.38.97.106
768,54271 Melrose Place 203-94-5864,mburrougheslb@unesco.org 2.173.152.66
769,244 Autumn Leaf Pass 306-21-0422,cdesouzalc@clickbank.net 100.46.221.183
770,8345 Delladonna Parkway 607-42-8994,geckelsld@google.cn 111.60.173.226
771,706 Kenwood Way 586-62-0062,nfreethle@geocities.com 181.122.14.27
772,11712 Spaight Street 324-79-6782,agritskovlf@yale.edu 32.180.129.14
773,19502 Jay Drive 721-11-8567,aedlerlg@accuweather.com 136.34.230.139
774,9640 Delaware Center 863-41-5429,tfloatlh@homestead.com 162.239.150.76
775,5821 Lakewood Gardens Circle 409-93-7674,ithornborrowli@goo.ne.jp 141.151.14.147
776,14 Twin Pines Lane 168-23-5754,tvalelj@google.nl 8.39.111.125
777,4380 Elmside Drive 266-49-4388,mshaddocklk@un.org 20.107.32.165
778,6414 Utah Plaza 195-07-2221,mattardll@sbwire.com 81.105.88.117
779,93 Miller Street 141-10-3934,rsimonylm@issuu.com 13.32.42.119
780,776 Crescent Oaks Parkway 570-13-8111,dmeardonln@bizjournals.com 164.231.201.225
781,26 Havey Junction 861-22-3049,hblaslilo@dedecms.com 66.219.218.222
782,26 Vermont Hill 586-27-2289,jswadlenlp@nsw.gov.au 143.166.50.125
783,42 Fairview Place 767-94-1535,bmonshalllq@cnn.com 152.220.163.65
784,7 Union Crossing 876-06-7148,showsonlr@intel.com 42.72.109.241
785,84993 Reindahl Park 424-90-0143,csalmanls@timesonline.co.uk 116.79.46.242
786,002 Oriole Parkway 660-94-6775,deaklylt@lycos.com 128.230.173.43
787,438 Waxwing Trail 385-05-8328,bchaplainlu@scribd.com 184.20.142.141
788,27287 2nd Plaza 762-68-1803,sweemslv@elpais.com 105.164.79.122
789,84 Laurel Terrace 631-80-2378,sminithorpelw@netlog.com 62.249.149.109
790,0732 Huxley Pass 659-30-8739,mlearoydelx@nature.com 237.195.46.228
791,48988 Coolidge Drive 796-20-0605,aavrashinly@spiegel.de 221.197.192.181
792,1883 West Trail 173-68-0663,cdelucialz@networksolutions.com 104.127.235.33
793,6009 West Place 190-31-1136,mgaudinm0@google.co.uk 179.210.253.46
794,6 Thackeray Road 604-43-1691,aeynaldm1@wikimedia.org 90.30.74.181
795,063 Doe Crossing Hill 585-37-1595,llefleym2@virginia.edu 233.115.92.144
796,789 Harper Junction 409-71-2009,netockm3@europa.eu 7.171.145.55
797,7158 Del Mar Crossing 560-46-7976,jfettiplacem4@umn.edu 206.149.232.165
798,47692 Pawling Plaza 381-54-4142,mschowenburgm5@tamu.edu 203.104.17.54
799,77 Jenifer Terrace 802-41-5167,rmongenotm6@vkontakte.ru 102.1.7.92
800,19 Lakewood Gardens Way 337-39-0613,klivingstonem7@ted.com 221.113.26.115
801,281 Sundown Park 603-78-0197,pcohrsm8@last.fm 26.141.98.243
802,072 Loftsgordon Pass 183-13-0055,rwattinsm9@arstechnica.com 78.49.106.19
803,55 Daystar Center 320-20-0310,mollerma@cnet.com 239.144.46.235
804,19 Eastlawn Avenue 687-93-3246,dgoodbournmb@photobucket.com 9.173.46.40
805,2700 Glendale Way 576-30-6256,hbudgetmc@issuu.com 65.167.193.132
806,60253 Superior Pass 506-57-4661,gdedmammd@theglobeandmail.com 201.98.30.213
807,765 Oriole Crossing 301-94-2915,ebraybrookesme@com.com 250.132.27.51
808,91650 High Crossing Lane 180-92-0752,djewissmf@linkedin.com 241.175.114.76
809,68606 Hudson Court 174-80-2908,aaddionisiomg@cbsnews.com 11.143.20.189
810,18838 Nancy Parkway 182-61-2505,cdominguesmh@princeton.edu 216.201.51.219
811,6815 Gerald Road 397-84-1198,pbuskmi@nba.com 88.240.20.216
812,4 Knutson Point 369-58-0901,bpeckittmj@independent.co.uk 196.168.200.77
813,8956 Springs Drive 888-32-9660,rwassmk@columbia.edu 163.1.70.30
814,13477 Stang Road 560-28-2555,sfairclothml@noaa.gov 255.56.203.130
815,5 Aberg Parkway 890-99-2606,lerskinemm@ihg.com 29.60.21.94
816,1337 Stuart Alley 555-33-1149,lupshallmn@uiuc.edu 245.70.229.209
817,2360 Glendale Terrace 314-19-5746,elondingmo@squidoo.com 177.79.27.79
818,4581 Doe Crossing Alley 590-35-4460,shissiemp@tripod.com 197.86.79.143
819,303 Paget Alley 644-90-9389,jshucksmithmq@is.gd 224.85.148.251
820,114 Grasskamp Lane 358-31-9292,mmorenamr@delicious.com 4.4.104.35
821,439 Dapin Trail 466-45-1615,nkinderms@un.org 125.77.6.142
822,09 Northport Street 162-56-4926,mpennigarmt@intel.com 0.83.158.194
823,99 Morrow Lane 559-75-1590,mhorrellmu@independent.co.uk 93.193.10.158
824,26 Pankratz Circle 675-03-8763,lollarenshawmv@cnet.com 190.55.158.228
825,2 Pine View Way 141-05-8287,gmaddysonmw@alibaba.com 33.57.48.86
826,93 Sutherland Center 472-31-3795,msamworthmx@usa.gov 224.218.203.227
827,2 Sugar Point 327-06-9202,nishammy@phoca.cz 149.232.74.140
828,4915 Pearson Street 179-18-2174,elydstermz@ed.gov 32.146.128.186
829,073 Parkside Drive 537-74-7244,dkowalikn0@go.com 213.21.126.216
830,36229 Pine View Point 249-90-7093,qpanswickn1@nifty.com 158.200.123.56
831,109 Graedel Lane 828-89-4827,nfebren2@samsung.com 146.99.22.155
832,2318 Southridge Crossing 673-62-1356,dhenrikssonn3@cdbaby.com 216.53.173.121
833,6614 Anderson Circle 260-52-1710,tdemen4@washington.edu 234.93.242.245
834,269 Anthes Plaza 507-49-1259,kohollegann5@people.com.cn 240.121.195.4
835,2503 Oakridge Drive 366-34-5847,ktrippittn6@sogou.com 240.184.113.152
836,46600 New Castle Junction 205-97-4883,areignardn7@paginegialle.it 71.238.27.47
837,84 Browning Center 673-25-5840,gromaintn8@sphinn.com 11.36.183.233
838,85 Reinke Place 316-23-5162,btodorn9@stanford.edu 71.20.117.2
839,136 American Ash Avenue 520-66-7440,heldridna@edublogs.org 104.215.100.53
840,6094 Scofield Alley 211-07-1121,ggrassettnb@w3.org 145.54.77.169
841,519 Wayridge Plaza 663-68-7697,nallinsonnc@tuttocitta.it 155.251.178.147
842,2 Waxwing Circle 386-22-4406,vschroternd@over-blog.com 11.194.46.139
843,7439 Lakeland Drive 784-54-3466,akordovanine@answers.com 148.66.142.115
844,12 Reindahl Place 749-80-8260,wmaleckynf@creativecommons.org 25.35.248.80
845,7 Hovde Point 412-20-7428,adivesng@angelfire.com 62.20.200.226
846,3 Petterle Pass 565-60-6585,wroulliernh@baidu.com 206.8.76.120
847,03300 Blue Bill Park Plaza 459-18-0481,dstallardni@google.fr 53.117.192.2
848,8577 High Crossing Parkway 290-07-1628,lflecknoenj@japanpost.jp 113.75.149.162
849,921 Raven Point 668-72-8188,lmusprattnk@ihg.com 43.109.168.224
850,76352 Rusk Road 184-38-7283,bsyrienl@storify.com 34.144.140.184
851,68 Hoffman Court 805-03-6560,randersonnm@google.com.br 154.227.7.45
852,55654 Farragut Alley 301-78-1839,atellenbroknn@nih.gov 51.199.71.191
853,2377 Delladonna Trail 833-89-4012,lbritnellno@google.de 119.61.223.59
854,21 Pond Street 727-96-0440,candrusnp@bandcamp.com 158.107.187.235
855,0 Marcy Trail 280-02-2158,cbodimeadenq@t-online.de 18.76.23.190
856,72 Memorial Park 733-50-4681,awebsdalenr@typepad.com 224.117.143.24
857,3598 Buena Vista Hill 173-31-3648,jbimsns@studiopress.com 246.24.57.216
858,341 Manitowish Crossing 741-31-1031,ggorcent@buzzfeed.com 194.209.210.222
859,54 Hoard Alley 603-09-1951,pmcgoldricknu@arizona.edu 8.174.163.30
860,0849 Meadow Ridge Road 310-19-6507,mcampanellenv@sun.com 116.102.114.199
861,6908 Pine View Crossing 829-47-8751,fmaneylawsnw@networksolutions.com 10.33.205.22
862,3 Thackeray Pass 558-77-1785,dbadernx@opera.com 191.130.7.185
863,2679 Esker Court 873-43-2427,icoveleyny@feedburner.com 212.12.168.92
864,29 High Crossing Road 633-80-3590,aferrollinz@technorati.com 248.40.56.156
865,03 Hazelcrest Court 246-52-4086,kmarietono0@umn.edu 106.171.253.163
866,0966 Park Meadow Avenue 416-68-6704,npunchardo1@jiathis.com 70.99.128.53
867,81 Loomis Center 852-25-1014,lgookeyo2@home.pl 82.224.210.211
868,13370 Mitchell Terrace 552-01-3725,mfrencho3@google.com 207.235.80.65
869,23 John Wall Drive 482-99-9662,hthomo4@clickbank.net 119.119.9.119
870,67584 Grover Point 165-58-1150,glesurfo5@sbwire.com 207.145.0.82
871,950 Meadow Valley Parkway 397-27-0205,cjuriso6@livejournal.com 253.132.215.166
872,461 Meadow Vale Pass 875-73-8115,cspriggso7@craigslist.org 101.40.225.116
873,1669 Coolidge Junction 668-76-3721,mcostao8@imageshack.us 165.87.163.138
874,3383 High Crossing Center 656-52-2223,vricardono9@ycombinator.com 12.121.232.122
875,4 Dexter Crossing 459-16-0865,mcoatmanoa@usatoday.com 140.36.141.54
876,93 Warner Avenue 182-10-3853,atefftob@ebay.com 168.131.176.161
877,0510 Lukken Crossing 518-18-4472,lscrogginsoc@blogtalkradio.com 215.192.86.192
878,19 Pierstorff Plaza 792-78-2345,mantognozziiod@icio.us 176.58.81.115
879,6 Southridge Court 543-31-7622,ndakeoe@acquirethisname.com 100.183.111.117
880,11966 Rutledge Road 556-56-1676,speglerof@symantec.com 144.142.56.212
881,51 Little Fleur Place 120-20-9777,eislipog@jugem.jp 210.228.121.66
882,551 Melody Park 833-75-6410,tbugdalloh@cnbc.com 127.150.14.108
883,102 Sheridan Center 626-97-4847,npennuzzioi@dagondesign.com 186.188.179.255
884,861 Mcguire Crossing 605-89-3987,lmuzzillooj@squarespace.com 121.168.29.111
885,3963 Old Gate Circle 154-87-8668,rshasnanok@netscape.com 93.30.192.250
886,02 Barby Avenue 551-70-5554,rwildgooseol@squarespace.com 20.213.240.43
887,42 Corben Junction 208-21-6795,nmcginlayom@msu.edu 167.94.84.165
888,42094 Mallard Hill 415-02-0254,astackbridgeon@twitter.com 219.183.53.181
889,49238 Calypso Crossing 715-59-1720,aproshoo@edublogs.org 62.254.31.72
890,1772 Mariners Cove Lane 340-23-9076,tfahrenbachop@illinois.edu 41.196.243.173
891,519 Sunfield Point 113-91-7569,amurdenoq@examiner.com 158.254.183.106
892,8863 Namekagon Drive 754-76-0404,ofeedomeor@homestead.com 164.95.123.174
893,07952 American Ash Place 221-40-0300,dearpeos@cnbc.com 69.42.226.186
894,86664 Pine View Alley 126-60-5061,mnoellot@moonfruit.com 177.49.195.196
895,78 Drewry Street 214-19-3363,jkeilingou@freewebs.com 190.51.149.54
896,38532 Lindbergh Drive 788-14-6480,rpilchov@opensource.org 233.192.172.245
897,010 Old Gate Center 209-41-3999,pdebowow@netlog.com 92.218.139.199
898,277 Trailsway Avenue 639-54-6410,tedgertonox@4shared.com 54.70.113.204
899,85212 Hanson Street 812-13-2866,mthysoy@bandcamp.com 24.231.195.127
900,1485 Anthes Crossing 451-99-7702,tbowdleroz@mac.com 191.171.131.129
901,766 Utah Way 748-33-5937,flawrenzp0@sitemeter.com 185.189.87.203
902,46003 Scofield Park 574-08-1724,apennuzzip1@dropbox.com 180.220.115.47
903,9892 Carioca Junction 367-72-0216,rflowittp2@newyorker.com 120.247.165.20
904,76801 Grasskamp Pass 129-84-0017,abraithwaitep3@aol.com 209.224.51.183
905,5026 Lakewood Gardens Alley 723-58-5433,htorrip4@over-blog.com 232.26.126.206
906,6837 Westend Terrace 556-53-4033,ncaudelierp5@cam.ac.uk 73.141.101.131
907,298 Veith Trail 522-89-2537,eswappp6@cbc.ca 190.248.189.249
908,6693 Hoffman Plaza 531-33-3561,kprestiep7@redcross.org 205.248.187.209
909,99 Westridge Plaza 431-05-6254,bvedyashkinp8@nhs.uk 215.242.113.70
910,4 Rieder Way 173-08-1568,pbowkleyp9@bbb.org 54.178.130.117
911,7 Mitchell Pass 750-74-9982,areihillpa@drupal.org 54.80.5.172
912,7 Lighthouse Bay Place 184-12-0285,mhuleattpb@joomla.org 165.177.93.198
913,23889 Carey Avenue 454-77-1489,dkuzemkapc@tripod.com 209.243.13.242
914,8 Springview Alley 668-91-7179,jsnoxellpd@topsy.com 23.49.60.219
915,8672 Kedzie Junction 201-65-6877,kboylepe@chicagotribune.com 190.156.5.204
916,10 Stephen Way 363-60-3475,ddoverpf@bloomberg.com 255.68.166.19
917,5412 Eggendart Parkway 382-60-8825,hryburnpg@harvard.edu 51.59.236.73
918,3830 Warbler Park 364-36-8418,rriccardiph@cisco.com 72.128.187.101
919,825 Forest Dale Road 483-23-9724,gcaddiespi@phoca.cz 102.75.188.54
920,66 Alpine Way 204-81-1178,sosheilspj@accuweather.com 221.74.149.187
921,5713 Moulton Terrace 242-02-8813,ahawkettpk@ted.com 105.2.95.30
922,78221 Union Place 500-14-1089,mbertomieupl@reddit.com 76.37.65.164
923,9420 Erie Crossing 250-59-5831,cgilmartinpm@hostgator.com 82.203.165.220
924,7143 Morrow Road 208-44-2069,mmcneishpn@facebook.com 86.59.184.12
925,20200 Express Plaza 586-59-1803,jtuckiepo@ovh.net 48.201.81.28
926,39 Old Gate Street 625-57-3832,wfairhampp@google.co.uk 178.45.89.144
927,22 Delladonna Crossing 894-50-7763,vchallisspq@redcross.org 21.107.37.190
928,04706 Bartelt Place 848-63-6313,dshovellpr@pen.io 119.66.177.174
929,93518 Paget Street 426-70-2127,jfardonps@smugmug.com 247.20.139.119
930,056 Ridgeway Point 473-01-5168,ndjekovicpt@umich.edu 253.76.227.144
931,57 Fairfield Street 194-50-8703,mrungepu@columbia.edu 231.95.246.119
932,54901 Monterey Way 212-66-5001,rgavaganpv@cbsnews.com 153.92.8.30
933,441 Ridge Oak Hill 266-77-7655,jmcnalleypw@google.ca 87.251.178.49
934,824 Huxley Center 452-16-6184,jnaismithpx@acquirethisname.com 107.106.138.88
935,52 Oriole Parkway 443-86-2955,orookwellpy@phpbb.com 140.227.193.96
936,9165 Butterfield Way 419-36-1570,cdelbouxpz@google.fr 168.36.16.221
937,43 Coleman Terrace 540-63-6245,clileq0@youtu.be 144.85.183.91
938,2642 Tennessee Trail 431-22-5495,irosetq1@webnode.com 108.0.144.177
939,4289 Ludington Plaza 646-04-9293,clicariq2@examiner.com 166.134.206.166
940,73 Schmedeman Circle 742-81-8464,calliottq3@rambler.ru 141.187.97.138
941,423 Laurel Way 400-37-6642,tarnullq4@mail.ru 51.61.188.13
942,459 Village Green Trail 285-72-4843,lvasyunkinq5@nationalgeographic.com 43.222.119.160
943,28689 Summerview Drive 495-93-5968,ybaddileyq6@bbc.co.uk 184.243.115.59
944,1445 Dwight Place 203-88-0690,kbutterfieldq7@com.com 7.13.11.142
945,28 Mallory Circle 406-40-9371,bjugginsq8@umich.edu 202.89.71.207
946,9182 Sugar Pass 189-54-7100,etowellq9@tripadvisor.com 129.206.110.239
947,8366 Emmet Plaza 406-99-4613,lsimkoqa@ask.com 60.162.42.254
948,280 Straubel Street 283-88-1406,cstanbrookeqb@apple.com 188.76.62.118
949,8 Thompson Alley 542-98-9189,bbisacreqc@mozilla.com 60.61.161.2
950,5456 Vernon Lane 734-09-0873,tgoodreadqd@qq.com 53.70.28.25
951,2 Springs Street 550-94-5308,tsrawleyqe@wikia.com 145.47.9.170
952,333 Orin Hill 813-34-6042,bebyqf@chron.com 71.240.19.229
953,64 Jana Center 200-01-1547,epayntonqg@newsvine.com 9.158.172.153
954,42168 Sherman Hill 399-27-4266,twadhamsqh@hubpages.com 179.237.36.191
955,3 Golden Leaf Center 176-30-2116,msworneqi@sbwire.com 234.229.233.204
956,9886 Fallview Terrace 761-19-3095,ppibornqj@baidu.com 4.133.138.248
957,66 Sugar Avenue 726-30-8043,crivardqk@gravatar.com 131.5.84.82
958,63222 Magdeline Place 440-80-3953,mcoulsonql@comsenz.com 48.188.91.188
959,7 School Junction 648-16-6590,ccourteneyqm@plala.or.jp 99.211.76.163
960,1 Bowman Center 756-21-5205,hcaplanqn@sina.com.cn 208.242.162.46
961,56114 Southridge Crossing 665-62-2321,opedrazziqo@qq.com 56.84.42.11
962,400 Gina Crossing 425-60-0980,pchesterqp@china.com.cn 25.172.186.154
963,811 Cody Parkway 546-79-1063,ybrighteyqq@yahoo.com 59.4.7.22
964,205 Shasta Plaza 334-72-7757,edubbinqr@skyrock.com 141.211.56.99
965,0 Graceland Crossing 273-56-3293,shallutqs@addthis.com 62.188.237.38
966,705 Tomscot Place 652-62-6221,lbergenqt@ca.gov 178.5.176.237
967,508 Reindahl Trail 523-87-3175,hgianniniqu@51.la 89.241.167.153
968,4332 Lakewood Court 543-86-0445,cprangleyqv@newsvine.com 107.204.20.189
969,68 Fair Oaks Terrace 549-30-4312,egraftonqw@sourceforge.net 66.93.57.231
970,6 Sauthoff Plaza 853-80-1842,wcuttenqx@fotki.com 23.164.184.17
971,2 John Wall Parkway 489-46-0590,mjewessqy@dailymail.co.uk 213.213.52.39
972,0714 Cascade Junction 404-11-1921,lshovelbottomqz@51.la 132.105.157.188
973,25 Melody Parkway 538-29-9855,fmilmithr0@marketwatch.com 219.69.108.7
974,39335 Myrtle Road 332-50-2527,ryakovlevr1@abc.net.au 244.40.125.24
975,5 Boyd Point 296-95-9718,aloisir2@buzzfeed.com 207.114.232.41
976,3837 Grim Way 618-07-8231,csayr3@ucsd.edu 217.235.195.115
977,0 Schmedeman Terrace 477-35-1817,jgrealeyr4@weebly.com 210.115.219.240
978,54260 Larry Drive 509-35-4069,mwiganr5@economist.com 117.216.142.233
979,214 Coleman Avenue 870-51-1180,ecaughtryr6@wsj.com 234.43.50.20
980,96856 Dayton Street 141-89-3536,kkillwickr7@creativecommons.org 88.213.63.3
981,872 Vidon Way 712-94-6910,jpaysr8@jigsy.com 82.189.4.114
982,070 Fisk Park 730-29-3198,asillettr9@omniture.com 229.173.59.250
983,70194 Doe Crossing Place 894-82-8219,dcreiganra@woothemes.com 18.121.189.214
984,5 Vahlen Circle 858-40-4526,cdohmannrb@tinypic.com 147.134.244.152
985,27574 Algoma Avenue 576-70-3998,tdoylendrc@arstechnica.com 56.249.6.155
986,12 Florence Street 819-33-5345,owhitneyrd@techcrunch.com 244.236.27.171
987,03890 La Follette Center 491-64-3030,hmclarensre@blogs.com 25.61.170.157
988,08627 Talmadge Lane 189-33-4529,ebearcockrf@newyorker.com 253.41.111.134
989,86706 Anzinger Junction 169-16-9790,ipetrovskyrg@harvard.edu 156.175.129.251
990,892 West Hill 751-55-4751,uwhitleyrh@bigcartel.com 104.146.153.100
991,3532 Kensington Pass 733-70-5616,gkilgourri@ibm.com 226.51.99.110
992,12 Muir Lane 692-11-6220,jpaynterrj@squidoo.com 82.177.169.54
993,7 Warner Hill 149-83-2053,bgoultrk@nsw.gov.au 227.18.152.147
994,55294 Crowley Court 407-59-2324,rpeirsonrl@1688.com 206.0.1.166
995,1912 Hoard Point 698-85-3619,oreicherzrm@cbsnews.com 1.81.28.51
996,946 Esker Trail 627-28-4712,rsambalsrn@theglobeandmail.com 153.194.75.152
997,88766 Anthes Circle 637-88-1835,cbloggro@angelfire.com 48.199.152.171
998,9 Dwight Hill 358-51-1986,umcginnyrp@godaddy.com 227.197.38.78
999,707 Steensland Street 592-12-9194,llempennyrq@themeforest.net 205.169.103.76
1000,93 Moland Lane 600-98-2434,mostickrr@oakley.com 30.87.137.133
